<?xml version="1.0" encoding="UTF-8"?>
<project-private xmlns="http://www.netbeans.org/ns/project-private/1">
    <editor-bookmarks xmlns="http://www.netbeans.org/ns/editor-bookmarks/2" lastBookmarkId="1">
        <file>
            <url>src/ManagerController.java</url>
            <bookmark id="1">
                <name/>
                <line>87</line>
                <key/>
            </bookmark>
        </file>
    </editor-bookmarks>
    <open-files xmlns="http://www.netbeans.org/ns/projectui-open-files/2">
        <group>
            <file>file:/D:/University%20Work/Google%20Drive/CSE%20213/CSE%20213%20Lab/Project/SportClub/src/ManagerController.java</file>
            <file>file:/D:/University%20Work/Google%20Drive/CSE%20213/CSE%20213%20Lab/Project/SportClub/src/SetGameTimeController.java</file>
            <file>file:/D:/University%20Work/Google%20Drive/CSE%20213/CSE%20213%20Lab/Project/SportClub/src/SetTeamFormationController.java</file>
            <file>file:/D:/University%20Work/Google%20Drive/CSE%20213/CSE%20213%20Lab/Project/SportClub/src/LoginController.java</file>
            <file>file:/D:/University%20Work/Google%20Drive/CSE%20213/CSE%20213%20Lab/Project/SportClub/src/DoctorController.java</file>
            <file>file:/D:/University%20Work/Google%20Drive/CSE%20213/CSE%20213%20Lab/Project/SportClub/src/CoachController.java</file>
        </group>
    </open-files>
</project-private>
